-- Valeurs de test --

INSERT INTO categories VALUES(1, 'Normalisation des bases de données', NULL);
INSERT INTO categories VALUES(2, 'Formes normales', 1);
INSERT INTO categories VALUES(3, 'Les modèles de données', NULL);
INSERT INTO categories VALUES(4, 'Modèle entité-relation', 3);
INSERT INTO categories VALUES(5, 'Modèle relationnel', 3);
INSERT INTO categories VALUES(9, 'Questionnement', NULL);
INSERT INTO categories VALUES(10, 'QCM', 9);
INSERT INTO categories VALUES(15, 'Syntaxe', NULL);
INSERT INTO categories VALUES(16, 'Expression Conditionelles', 15);
INSERT INTO categories VALUES(17, 'Programmation Orientée Objet', NULL);
INSERT INTO categories VALUES(18, 'Méthodes', 17);
INSERT INTO categories VALUES(19, 'Objets', 17);


INSERT INTO professeurs VALUES(1, 'Claude', 'Frasson', 'ift2935');
INSERT INTO professeurs VALUES(5, 'Denis', 'Bluteau', 'ift1235');
INSERT INTO professeurs VALUES(6, 'Anna', 'Francoeur', 'ift1235');
INSERT INTO professeurs VALUES(4, 'Esma', 'Aïmeur', 'ift2935');


INSERT INTO cours VALUES('IFT2935', 'Bases de données');
INSERT INTO cours VALUES('IFT1235', 'Programmation');

INSERT INTO professeur_cours VALUES(1, 'IFT2935');
INSERT INTO professeur_cours VALUES(4, 'IFT2935');
INSERT INTO professeur_cours VALUES(5, 'IFT1235');
INSERT INTO professeur_cours VALUES(6, 'IFT1235');

INSERT INTO partie_cours VALUES(1, 'Première partie : Introduction', 'IFT2935');
INSERT INTO partie_cours VALUES(2, 'Deuxième partie : Modèle Entité Relation', 'IFT2935');
INSERT INTO partie_cours VALUES(3, 'Troisième partie : Modèle Relationnel', 'IFT2935');
INSERT INTO partie_cours VALUES(4, 'Quatrième partie : L''algèbre et le calcul Relationnel', 'IFT2935');
INSERT INTO partie_cours VALUES(10, 'Partie 1 : Introduction', 'IFT1235');
INSERT INTO partie_cours VALUES(11, 'Partie 2 : Structures de contrôle', 'IFT1235');
INSERT INTO partie_cours VALUES(12, 'Partie 3 : Les procédures', 'IFT1235');
INSERT INTO partie_cours VALUES(13, 'Partie 4 : Programmation orientée objet', 'IFT1235');


INSERT INTO questions(id, content, partie_cours_id) VALUES(1, 'Qu''est-ce qu''une base de données ?', 1);
INSERT INTO questions(id, content, partie_cours_id) VALUES(2, 'Pourquoi a-t-on besoin de bases de données ?', 1);
INSERT INTO questions(id, content, partie_cours_id) VALUES(3, 'Qu''est-ce qu''un attribut clé ?', 2);
INSERT INTO questions(id, content, partie_cours_id) VALUES(4, 'Qu''est-ce qu''un attribut composite ?', 2);
INSERT INTO questions(id, content, partie_cours_id) VALUES(5, 'Nommez un type de contrainte d''intégrité relationnelle', 3);
INSERT INTO questions(id, content, partie_cours_id) VALUES(6, 'Quel est le symbol pour l''opération de SÉLECTION ?', 3);
INSERT INTO questions(id, content, partie_cours_id) VALUES(7, 'Quel est l''utilité de la thêta jointure ?', 4);
INSERT INTO questions(id, content, partie_cours_id) VALUES(8, 'Existe-t-il un opérateur nommé sesqui-jointure ?', 4);
INSERT INTO questions(id, content, partie_cours_id) VALUES(9, 'La 2-forme normale consiste à n''avoir aucun attribut non clé dépendant d''une partie de la clé', 1);
INSERT INTO questions(id, content, partie_cours_id) VALUES(10, 'Qu''est-ce qui est une relation dans un modèle E-R?', 2);
INSERT INTO questions(id, content, partie_cours_id) VALUES(11, 'Qu''est-ce qu''une jointure?', 4);
INSERT INTO questions(id, content, partie_cours_id) VALUES(12, 'Qu''elle est la différence entre un modèle E-R et un modèle relationnel?', 3);
INSERT INTO questions(id, content, partie_cours_id) VALUES(13, 'Qu''elle est la différence entre une jointure et une thêta jointure?', 4);
INSERT INTO questions(id, content, partie_cours_id) VALUES(14, 'Pourquoi n''y a-t-il pas d''attributs multivalués dans un modèle relationnel?', 3);
INSERT INTO questions(id, content, partie_cours_id) VALUES(15, 'Qu''elle est l''utilité de l''implantation de la thêta jointure dans une base de donnée?', 4);
INSERT INTO questions(id, content, partie_cours_id) VALUES(16, 'Qu''est-ce qu''un attribut clé étrangère?', 2);
INSERT INTO questions(id, content, partie_cours_id) VALUES(17, 'Combien d''attributs peuvent être clés d''une table relationnelle?', 2);
INSERT INTO questions(id, content, partie_cours_id) VALUES(18, 'Comment se nomme l''opération servant à faire la jointure de deux tables selon un critère quelconque sous forme de booléen?', 4);
INSERT INTO questions(id, content, partie_cours_id) VALUES(19, 'Pourquoi devons-nous comprendre l''algèbre relationnel avant d''apprendre le langage SQL?', 4);
INSERT INTO questions(id, content, partie_cours_id) VALUES(20, 'Qu''elle est la différence entre une entité et une relation?', 2);
INSERT INTO questions(id, content, partie_cours_id) VALUES(30, 'Laquelle de ces définitions représente une variable ?', 10);
INSERT INTO questions(id, content, partie_cours_id) VALUES(31, 'Qu''es-ce qu''un interpréteur ?', 10);
INSERT INTO questions(id, content, partie_cours_id) VALUES(32, 'Que devrait-t-on mettre au début d''un switch ?', 11);
INSERT INTO questions(id, content, partie_cours_id) VALUES(33, 'Quelle est la différence entre un while et un do while ?', 11);
INSERT INTO questions(id, content, partie_cours_id) VALUES(34, 'En python, quel mot clé permet de retourner une valeur d''une fonction ?', 12);
INSERT INTO questions(id, content, partie_cours_id) VALUES(35, 'En java, quel est le type déclaré d''une fonction ne retournant rien ?', 12);
INSERT INTO questions(id, content, partie_cours_id) VALUES(36, 'Qu''es-ce qu''un objet ?', 13);
INSERT INTO questions(id, content, partie_cours_id) VALUES(37, 'Quel est le premier paramètre de toute méthode d''un objet en python ?', 13);

INSERT INTO reponses VALUES(NULL, 'Un ordinateur distant contenant un programme', 1, 0);
INSERT INTO reponses VALUES(NULL, 'Une structure servant à organiser des données', 1, 1);
INSERT INTO reponses VALUES(NULL, 'Pour organiser efficacement des données', 2, 1);
INSERT INTO reponses VALUES(NULL, 'Pour mettre des programmes sur internet', 2, 0);
INSERT INTO reponses VALUES(NULL, 'Un attribut permettant d''accéder à la structure interne de la base', 3, 0);
INSERT INTO reponses VALUES(NULL, 'Un attribut identifiant un tuple', 3, 1);
INSERT INTO reponses VALUES(NULL, 'Un attribut comportant plusieurs sous-données', 4, 1);
INSERT INTO reponses VALUES(NULL, 'Un attribut référencé à plusieurs endroits', 4, 0);
INSERT INTO reponses VALUES(NULL, 'Unique', 5, 1);
INSERT INTO reponses VALUES(NULL, 'Additif', 5, 0);
INSERT INTO reponses VALUES(NULL, 'Pi', 6, 0);
INSERT INTO reponses VALUES(NULL, 'Sigma', 6, 1);
INSERT INTO reponses VALUES(NULL, 'Elle sert à joindre deux tables sur une condition', 7, 1);
INSERT INTO reponses VALUES(NULL, 'Elle sert à éliminer des colonnes dans un tuple', 7, 0);
INSERT INTO reponses VALUES(NULL, 'Vrai', 8, 0);
INSERT INTO reponses VALUES(NULL, 'Faux', 8, 1);
INSERT INTO reponses VALUES(NULL, 'Vrai', 9, 1);
INSERT INTO reponses VALUES(NULL, 'Faux', 9, 0);
INSERT INTO reponses VALUES(NULL, 'Une variable est un paramètre permettant de changer le flot d''exécution d''un programme', 30, 0);
INSERT INTO reponses VALUES(NULL, 'Une variable est un emplacement mémoire réservé dans lequel on peut storer des données', 30, 1);
INSERT INTO reponses VALUES(NULL, 'Un interpréteur est un programme permettant d''éxécuter du code non compilé', 31, 1);
INSERT INTO reponses VALUES(NULL, 'Un interpréteur permet de transférer un programme sur un serveur distant', 31, 0);
INSERT INTO reponses VALUES(NULL, 'La variable que l''on veut tester', 32, 1);
INSERT INTO reponses VALUES(NULL, 'Le code qu''on veut exécuter', 32, 0);
INSERT INTO reponses VALUES(NULL, 'Dans un do while, le code s''exécute au moins une fois', 33, 1);
INSERT INTO reponses VALUES(NULL, 'Il n''y a aucune différence', 33, 0);
INSERT INTO reponses VALUES(NULL, 'Un do while est plus optimisé',33, 0);
INSERT INTO reponses VALUES(NULL, 'give', 34, 0);
INSERT INTO reponses VALUES(NULL, 'return', 34, 1);
INSERT INTO reponses VALUES(NULL, 'end', 34, 0);
INSERT INTO reponses VALUES(NULL, 'null', 35, 0);
INSERT INTO reponses VALUES(NULL, 'void', 35, 1);
INSERT INTO reponses VALUES(NULL, 'nil', 35, 0);
INSERT INTO reponses VALUES(NULL, 'Une donnée complexe regroupant plusieurs types de données ainsi que des fonctions', 36, 1);
INSERT INTO reponses VALUES(NULL, 'Une représentation en mémoire d''un élément de base de donnée', 36, 0);
INSERT INTO reponses VALUES(NULL, 'self', 37, 0);
INSERT INTO reponses VALUES(NULL, 'l''objet lui-même', 37, 1);
INSERT INTO reponses VALUES(NULL, 'Tout', 10, 0);
INSERT INTO reponses VALUES(NULL, 'Les losanges seulement', 10, 1);
INSERT INTO reponses VALUES(NULL, 'Une union suivie d''une sélection', 11, 1);
INSERT INTO reponses VALUES(NULL, 'Une union suivie d''une projection', 11, 0);
INSERT INTO reponses VALUES(NULL, 'La perspective de l''entité', 12, 1);
INSERT INTO reponses VALUES(NULL, 'Les relations entre entités', 12, 0);
INSERT INTO reponses VALUES(NULL, 'Les possibilités de condition de sélection qui suit l''union', 13, 0);
INSERT INTO reponses VALUES(NULL, 'La condition de sélection qui suit l''union', 13, 1);
INSERT INTO reponses VALUES(NULL, 'Il y en a, la question n''a pas de sens.', 14, 0);
INSERT INTO reponses VALUES(NULL, 'Puisque chaque valeur identifie une relation différente.', 14, 1);
INSERT INTO reponses VALUES(NULL, 'L''opportunité de faire des jointures avec des conditions variées.', 15, 1);
INSERT INTO reponses VALUES(NULL, 'Impressionner le client.', 15, 0);
INSERT INTO reponses VALUES(NULL, 'Un attribut qui réfère à une autre table relationnelle.', 16, 1);
INSERT INTO reponses VALUES(NULL, 'Un attribut clé qui réfère à une autre table relationnelle.', 16, 0);
INSERT INTO reponses VALUES(NULL, '1 attribut clé seulement.', 17, 0);
INSERT INTO reponses VALUES(NULL, 'Autant que nécessaire.', 17, 1);
INSERT INTO reponses VALUES(NULL, 'La sesqui-jointure', 18, 0);
INSERT INTO reponses VALUES(NULL, 'La thêta jointure', 18, 1);
INSERT INTO reponses VALUES(NULL, 'Puisque l''algèbre relationnel aide à faire des requêtes complexes.', 19, 0);
INSERT INTO reponses VALUES(NULL, 'Puisque l''algèbre relationnel aide à rendre simple les notions complexes des requêtes SQL.', 19, 1);
INSERT INTO reponses VALUES(NULL, 'L''entité peut être perçue comme étant une relation, mais pas nécessairement l''inverse.', 20, 1);
INSERT INTO reponses VALUES(NULL, 'Une entité est concrète alors qu''une relation est abstraite et les deux sont distinctes.', 20, 0);
INSERT INTO reponses VALUES(NULL, 'Une structure servant à organiser des données', 1, 1);
INSERT INTO reponses VALUES(NULL, 'Pour organiser efficacement des données', 2, 1);
INSERT INTO reponses VALUES(NULL, 'Pour faire de délicieux biscuits', 2, 0);
INSERT INTO reponses VALUES(NULL, 'Un attribut pouvant ouvrir une porte', 3, 0);
INSERT INTO reponses VALUES(NULL, 'Un attribut identifiant un tuple', 3, 1);
INSERT INTO reponses VALUES(NULL, 'Un attribut comportant plusieurs sous-données', 4, 1);
INSERT INTO reponses VALUES(NULL, 'Un attribut en matériaux renforcés', 4, 0);
INSERT INTO reponses VALUES(NULL, 'Unique', 5, 1);
INSERT INTO reponses VALUES(NULL, 'Additif', 5, 0);
INSERT INTO reponses VALUES(NULL, 'Pi', 6, 0);
INSERT INTO reponses VALUES(NULL, 'Sigma', 6, 1);
INSERT INTO reponses VALUES(NULL, 'Elle sert à joindre deux tables sur une condition', 7, 1);
INSERT INTO reponses VALUES(NULL, 'On peut en parsemer sur la dinde à Noël', 7, 0);
INSERT INTO reponses VALUES(NULL, 'Vrai', 8, 0);
INSERT INTO reponses VALUES(NULL, 'Faux', 8, 1);
INSERT INTO reponses VALUES(NULL, 'Oui', 9, 1);
INSERT INTO reponses VALUES(NULL, 'Non', 9, 0);
INSERT INTO reponses VALUES(NULL, 'Une variable est un paramètre permettant de changer le flot d''exécution d''un programme', 30, 0);
INSERT INTO reponses VALUES(NULL, 'Une variable est un emplacement mémoire réservé dans lequel on peut storer des données', 30, 1);
INSERT INTO reponses VALUES(NULL, 'Un interpréteur est un programme permettant d''éxécuter du code non compilé', 31, 1);
INSERT INTO reponses VALUES(NULL, 'Un interpréteur permet de transférer un programme sur un serveur distant', 31, 0);
INSERT INTO reponses VALUES(NULL, 'La variable que l''on veut tester', 32, 1);
INSERT INTO reponses VALUES(NULL, 'Le code qu''on veut exécuter', 32, 0);
INSERT INTO reponses VALUES(NULL, 'Dans un do while, le code s''exécute au moins une fois', 33, 1);
INSERT INTO reponses VALUES(NULL, 'Il n''y a aucune différence', 33, 0);
INSERT INTO reponses VALUES(NULL, 'Un do while est plus optimisé',33, 0);
INSERT INTO reponses VALUES(NULL, 'give', 34, 0);
INSERT INTO reponses VALUES(NULL, 'return', 34, 1);
INSERT INTO reponses VALUES(NULL, 'end', 34, 0);
INSERT INTO reponses VALUES(NULL, 'null', 35, 0);
INSERT INTO reponses VALUES(NULL, 'void', 35, 1);
INSERT INTO reponses VALUES(NULL, 'nil', 35, 0);
INSERT INTO reponses VALUES(NULL, 'Une donnée complexe regroupant plusieurs types de données ainsi que des fonctions', 36, 1);
INSERT INTO reponses VALUES(NULL, 'Une représentation en mémoire d''un élément de base de donnée', 36, 0);
INSERT INTO reponses VALUES(NULL, 'self', 37, 0);
INSERT INTO reponses VALUES(NULL, 'l''objet lui-même', 37, 1);

INSERT INTO question_categories VALUES(9, 2);
INSERT INTO question_categories VALUES(3, 4);
INSERT INTO question_categories VALUES(10, 4);
INSERT INTO question_categories VALUES(20, 4);
INSERT INTO question_categories VALUES(3, 5);
INSERT INTO question_categories VALUES(4, 5);
INSERT INTO question_categories VALUES(5, 5);
INSERT INTO question_categories VALUES(12, 5);
INSERT INTO question_categories VALUES(14, 5);
INSERT INTO question_categories VALUES(15, 5);
INSERT INTO question_categories VALUES(16, 5);
INSERT INTO question_categories VALUES(17, 5);
INSERT INTO question_categories VALUES(6, 6);
INSERT INTO question_categories VALUES(7, 6);
INSERT INTO question_categories VALUES(8, 6);
INSERT INTO question_categories VALUES(11, 6);
INSERT INTO question_categories VALUES(12, 6);
INSERT INTO question_categories VALUES(13, 6);
INSERT INTO question_categories VALUES(18, 6);
INSERT INTO question_categories VALUES(19, 6);
INSERT INTO question_categories VALUES(1, 11);
INSERT INTO question_categories VALUES(2, 11);
INSERT INTO question_categories VALUES(15, 11);
INSERT INTO question_categories VALUES(16, 11);
INSERT INTO question_categories VALUES(32, 15);
INSERT INTO question_categories VALUES(33, 16);
INSERT INTO question_categories VALUES(34, 15);
INSERT INTO question_categories VALUES(35, 15);
INSERT INTO question_categories VALUES(36, 19);
INSERT INTO question_categories VALUES(37, 18);

INSERT INTO question_categories 
   SELECT id, 10 FROM questions;
