-- Valeurs de test --

INSERT INTO categories VALUES(1, 'Normalisation des bases de données', NULL);
INSERT INTO categories VALUES(2, 'Formes normales', 1);
INSERT INTO categories VALUES(3, 'Les modèles de données', NULL);
INSERT INTO categories VALUES(4, 'Modèle entité-relation', 3);
INSERT INTO categories VALUES(5, 'Modèle relationnel', 3);
INSERT INTO categories VALUES(6, 'Algèbre relationnel', 5);
INSERT INTO categories VALUES(9, 'Questionnement', NULL);
INSERT INTO categories VALUES(10, 'QCM', 9);
INSERT INTO categories VALUES(11, 'Bases de données', NULL);
INSERT INTO categories VALUES(15, 'Syntaxe', NULL);
INSERT INTO categories VALUES(16, 'Expression Conditionelles', 15);
INSERT INTO categories VALUES(17, 'Programmation Orientée Objet', NULL);
INSERT INTO categories VALUES(18, 'Méthodes', 17);
INSERT INTO categories VALUES(19, 'Objets', 17);


INSERT INTO professeurs VALUES(1, 'Claude', 'Frasson', 'ift2935');
INSERT INTO professeurs VALUES(5, 'Denis', 'Bluteau', 'ift1235');
INSERT INTO professeurs VALUES(6, 'Anna', 'Francoeur', 'ift1235');
INSERT INTO professeurs VALUES(4, 'Esma', 'Aïmeur', 'ift2935');


INSERT INTO cours VALUES('IFT2935', 'Bases de données');
INSERT INTO cours VALUES('IFT1235', 'Programmation');

INSERT INTO professeur_cours VALUES(1, 'IFT2935');
INSERT INTO professeur_cours VALUES(4, 'IFT2935');
INSERT INTO professeur_cours VALUES(5, 'IFT1235');
INSERT INTO professeur_cours VALUES(6, 'IFT1235');

INSERT INTO partie_cours VALUES(1, 'Première partie : Introduction', 'IFT2935');
INSERT INTO partie_cours VALUES(2, 'Deuxième partie : Modèle Entité Relation', 'IFT2935');
INSERT INTO partie_cours VALUES(3, 'Troisième partie : Modèle Relationnel', 'IFT2935');
INSERT INTO partie_cours VALUES(4, 'Quatrième partie : L''algèbre et le calcul Relationnel', 'IFT2935');
INSERT INTO partie_cours VALUES(10, 'Partie 1 : Introduction', 'IFT1235');
INSERT INTO partie_cours VALUES(11, 'Partie 2 : Structures de contrôle', 'IFT1235');
INSERT INTO partie_cours VALUES(12, 'Partie 3 : Les procédures', 'IFT1235');
INSERT INTO partie_cours VALUES(13, 'Partie 4 : Programmation orientée objet', 'IFT1235');


INSERT INTO questions(id, content, partie_cours_id) VALUES(1, 'Qu''est-ce qu''une base de données ?', 1);
INSERT INTO questions(id, content, partie_cours_id) VALUES(2, 'Pourquoi a-t-on besoin de bases de données ?', 1);
INSERT INTO questions(id, content, partie_cours_id) VALUES(3, 'Qu''est-ce qu''un attribut clé ?', 2);
INSERT INTO questions(id, content, partie_cours_id) VALUES(4, 'Qu''est-ce qu''un attribut composite ?', 2);
INSERT INTO questions(id, content, partie_cours_id) VALUES(5, 'Nommez un type de contrainte d''intégrité relationnelle', 3);
INSERT INTO questions(id, content, partie_cours_id) VALUES(6, 'Quel est le symbol pour l''opération de SÉLECTION ?', 3);
INSERT INTO questions(id, content, partie_cours_id) VALUES(7, 'Quel est l''utilité de la thêta jointure ?', 4);
INSERT INTO questions(id, content, partie_cours_id) VALUES(8, 'Existe-t-il un opérateur nommé sesqui-jointure ?', 4);
INSERT INTO questions(id, content, partie_cours_id) VALUES(9, 'La 2-forme normale consiste à n''avoir aucun attribut non clé dépendant d''une partie de la clé', 1);
INSERT INTO questions(id, content, partie_cours_id) VALUES(10, 'Qu''est-ce qui est une relation dans un modèle E-R?', 2);
INSERT INTO questions(id, content, partie_cours_id) VALUES(11, 'Qu''est-ce qu''une jointure?', 4);
INSERT INTO questions(id, content, partie_cours_id) VALUES(12, 'Qu''elle est la différence entre un modèle E-R et un modèle relationnel?', 3);
INSERT INTO questions(id, content, partie_cours_id) VALUES(13, 'Qu''elle est la différence entre une jointure et une thêta jointure?', 4);
INSERT INTO questions(id, content, partie_cours_id) VALUES(14, 'Pourquoi n''y a-t-il pas d''attributs multivalués dans un modèle relationnel?', 3);
INSERT INTO questions(id, content, partie_cours_id) VALUES(15, 'Qu''elle est l''utilité de l''implantation de la thêta jointure dans une base de donnée?', 4);
INSERT INTO questions(id, content, partie_cours_id) VALUES(16, 'Qu''est-ce qu''un attribut clé étrangère?', 2);
INSERT INTO questions(id, content, partie_cours_id) VALUES(17, 'Combien d''attributs peuvent être clés d''une table relationnelle?', 2);
INSERT INTO questions(id, content, partie_cours_id) VALUES(18, 'Comment se nomme l''opération servant à faire la jointure de deux tables selon un critère quelconque sous forme de booléen?', 4);
INSERT INTO questions(id, content, partie_cours_id) VALUES(19, 'Pourquoi devons-nous comprendre l''algèbre relationnel avant d''apprendre le langage SQL?', 4);
INSERT INTO questions(id, content, partie_cours_id) VALUES(20, 'Qu''elle est la différence entre une entité et une relation?', 2);
INSERT INTO questions(id, content, partie_cours_id) VALUES(30, 'Laquelle de ces définitions représente une variable ?', 10);
INSERT INTO questions(id, content, partie_cours_id) VALUES(31, 'Qu''es-ce qu''un interpréteur ?', 10);
INSERT INTO questions(id, content, partie_cours_id) VALUES(32, 'Que devrait-t-on mettre au début d''un switch ?', 11);
INSERT INTO questions(id, content, partie_cours_id) VALUES(33, 'Quelle est la différence entre un while et un do while ?', 11);
INSERT INTO questions(id, content, partie_cours_id) VALUES(34, 'En python, quel mot clé permet de retourner une valeur d''une fonction ?', 12);
INSERT INTO questions(id, content, partie_cours_id) VALUES(35, 'En java, quel est le type déclaré d''une fonction ne retournant rien ?', 12);
INSERT INTO questions(id, content, partie_cours_id) VALUES(36, 'Qu''es-ce qu''un objet ?', 13);
INSERT INTO questions(id, content, partie_cours_id) VALUES(37, 'Quel est le premier paramètre de toute méthode d''un objet en python ?', 13);

INSERT INTO reponses VALUES(1, 'Un ordinateur distant contenant un programme', 1, 0);
INSERT INTO reponses VALUES(2, 'Une structure servant à organiser des données', 1, 1);
INSERT INTO reponses VALUES(3, 'Pour organiser efficacement des données', 2, 1);
INSERT INTO reponses VALUES(4, 'Pour mettre des programmes sur internet', 2, 0);
INSERT INTO reponses VALUES(5, 'Un attribut permettant d''accéder à la structure interne de la base', 3, 0);
INSERT INTO reponses VALUES(6, 'Un attribut identifiant un tuple', 3, 1);
INSERT INTO reponses VALUES(7, 'Un attribut comportant plusieurs sous-données', 4, 1);
INSERT INTO reponses VALUES(8, 'Un attribut référencé à plusieurs endroits', 4, 0);
INSERT INTO reponses VALUES(9, 'Unique', 5, 1);
INSERT INTO reponses VALUES(10, 'Additif', 5, 0);
INSERT INTO reponses VALUES(11, 'Pi', 6, 0);
INSERT INTO reponses VALUES(12, 'Sigma', 6, 1);
INSERT INTO reponses VALUES(13, 'Elle sert à joindre deux tables sur une condition', 7, 1);
INSERT INTO reponses VALUES(14, 'Elle sert à éliminer des colonnes dans un tuple', 7, 0);
INSERT INTO reponses VALUES(15, 'Vrai', 8, 0);
INSERT INTO reponses VALUES(16, 'Faux', 8, 1);
INSERT INTO reponses VALUES(17, 'Vrai', 9, 1);
INSERT INTO reponses VALUES(18, 'Faux', 9, 0);
INSERT INTO reponses VALUES(19, 'Une variable est un paramètre permettant de changer le flot d''exécution d''un programme', 30, 0);
INSERT INTO reponses VALUES(20, 'Une variable est un emplacement mémoire réservé dans lequel on peut storer des données', 30, 1);
INSERT INTO reponses VALUES(21, 'Un interpréteur est un programme permettant d''éxécuter du code non compilé', 31, 1);
INSERT INTO reponses VALUES(22, 'Un interpréteur permet de transférer un programme sur un serveur distant', 31, 0);
INSERT INTO reponses VALUES(23, 'La variable que l''on veut tester', 32, 1);
INSERT INTO reponses VALUES(24, 'Le code qu''on veut exécuter', 32, 0);
INSERT INTO reponses VALUES(25, 'Dans un do while, le code s''exécute au moins une fois', 33, 1);
INSERT INTO reponses VALUES(26, 'Il n''y a aucune différence', 33, 0);
INSERT INTO reponses VALUES(27, 'Un do while est plus optimisé',33, 0);
INSERT INTO reponses VALUES(28, 'give', 34, 0);
INSERT INTO reponses VALUES(29, 'return', 34, 1);
INSERT INTO reponses VALUES(30, 'end', 34, 0);
INSERT INTO reponses VALUES(31, 'null', 35, 0);
INSERT INTO reponses VALUES(32, 'void', 35, 1);
INSERT INTO reponses VALUES(33, 'nil', 35, 0);
INSERT INTO reponses VALUES(34, 'Une donnée complexe regroupant plusieurs types de données ainsi que des fonctions', 36, 1);
INSERT INTO reponses VALUES(35, 'Une représentation en mémoire d''un élément de base de donnée', 36, 0);
INSERT INTO reponses VALUES(36, 'self', 37, 0);
INSERT INTO reponses VALUES(37, 'l''objet lui-même', 37, 1);
INSERT INTO reponses VALUES(38, 'Tout', 10, 0);
INSERT INTO reponses VALUES(39, 'Les losanges seulement', 10, 1);
INSERT INTO reponses VALUES(40, 'Une union suivie d''une sélection', 11, 1);
INSERT INTO reponses VALUES(41, 'Une union suivie d''une projection', 11, 0);
INSERT INTO reponses VALUES(42, 'La perspective de l''entité', 12, 1);
INSERT INTO reponses VALUES(43, 'Les relations entre entités', 12, 0);
INSERT INTO reponses VALUES(44, 'Les possibilités de condition de sélection qui suit l''union', 13, 0);
INSERT INTO reponses VALUES(45, 'La condition de sélection qui suit l''union', 13, 1);
INSERT INTO reponses VALUES(46, 'Il y en a, la question n''a pas de sens.', 14, 0);
INSERT INTO reponses VALUES(47, 'Puisque chaque valeur identifie une relation différente.', 14, 1);
INSERT INTO reponses VALUES(48, 'L''opportunité de faire des jointures avec des conditions variées.', 15, 1);
INSERT INTO reponses VALUES(49, 'Impressionner le client.', 15, 0);
INSERT INTO reponses VALUES(50, 'Un attribut qui réfère à une autre table relationnelle.', 16, 1);
INSERT INTO reponses VALUES(51, 'Un attribut clé qui réfère à une autre table relationnelle.', 16, 0);
INSERT INTO reponses VALUES(52, '1 attribut clé seulement.', 17, 0);
INSERT INTO reponses VALUES(53, 'Autant que nécessaire.', 17, 1);
INSERT INTO reponses VALUES(54, 'La sesqui-jointure', 18, 0);
INSERT INTO reponses VALUES(55, 'La thêta jointure', 18, 1);
INSERT INTO reponses VALUES(56, 'Puisque l''algèbre relationnel aide à faire des requêtes complexes.', 19, 0);
INSERT INTO reponses VALUES(57, 'Puisque l''algèbre relationnel aide à rendre simple les notions complexes des requêtes SQL.', 19, 1);
INSERT INTO reponses VALUES(58, 'L''entité peut être perçue comme étant une relation, mais pas nécessairement l''inverse.', 20, 1);
INSERT INTO reponses VALUES(59, 'Une entité est concrète alors qu''une relation est abstraite et les deux sont distinctes.', 20, 0);
INSERT INTO reponses VALUES(60, 'Une structure servant à organiser des données', 1, 1);

INSERT INTO question_categories VALUES(9, 2);
INSERT INTO question_categories VALUES(3, 4);
INSERT INTO question_categories VALUES(10, 4);
INSERT INTO question_categories VALUES(20, 4);
INSERT INTO question_categories VALUES(3, 5);
INSERT INTO question_categories VALUES(4, 5);
INSERT INTO question_categories VALUES(5, 5);
INSERT INTO question_categories VALUES(12, 5);
INSERT INTO question_categories VALUES(14, 5);
INSERT INTO question_categories VALUES(15, 5);
INSERT INTO question_categories VALUES(16, 5);
INSERT INTO question_categories VALUES(17, 5);
INSERT INTO question_categories VALUES(6, 6);
INSERT INTO question_categories VALUES(7, 6);
INSERT INTO question_categories VALUES(8, 6);
INSERT INTO question_categories VALUES(11, 6);
INSERT INTO question_categories VALUES(12, 6);
INSERT INTO question_categories VALUES(13, 6);
INSERT INTO question_categories VALUES(18, 6);
INSERT INTO question_categories VALUES(19, 6);
INSERT INTO question_categories VALUES(1, 11);
INSERT INTO question_categories VALUES(2, 11);
INSERT INTO question_categories VALUES(15, 11);
INSERT INTO question_categories VALUES(16, 11);
INSERT INTO question_categories VALUES(32, 15);
INSERT INTO question_categories VALUES(33, 16);
INSERT INTO question_categories VALUES(34, 15);
INSERT INTO question_categories VALUES(35, 15);
INSERT INTO question_categories VALUES(36, 19);
INSERT INTO question_categories VALUES(37, 18);

INSERT INTO question_categories 
   SELECT id, 10 FROM questions;
